profileID,nickname,profileimage,accessRestriction,accountID,subtitleSettingID,countryID
1,Comet,img/Comet.jpg,12+,1,3,2
2,Glitch,img/Glitch.jpg,12+,1,4,4
3,Blossom,img/Blossom.jpg,청불,1,1,2
4,Blossom,img/Blossom.jpg,7+,1,2,8
5,Glitch,img/Glitch.jpg,15+,1,4,8
6,Nova,img/Nova.jpg,12+,2,3,9
7,Blaze,img/Blaze.jpg,전체관람가,2,4,10
8,Drift,img/Drift.jpg,12+,2,1,1
9,Frost,img/Frost.jpg,청불,2,1,10
10,Luna,img/Luna.jpg,전체관람가,2,3,10
11,Glitch,img/Glitch.jpg,19+,3,1,4
12,Comet,img/Comet.jpg,19+,3,4,7
13,Blossom,img/Blossom.jpg,19+,3,5,6
14,Blossom,img/Blossom.jpg,전체관람가,3,1,4
15,Luna,img/Luna.jpg,7+,3,5,1
16,Zephyr,img/Zephyr.jpg,15+,4,1,8
17,Blossom,img/Blossom.jpg,12+,4,1,3
18,Pixel,img/Pixel.jpg,전체관람가,4,2,5
19,Zephyr,img/Zephyr.jpg,15+,4,5,4
20,Drift,img/Drift.jpg,전체관람가,4,5,6
21,Falcon,img/Falcon.jpg,청불,5,1,8
22,Nova,img/Nova.jpg,전체관람가,5,1,6
23,Nova,img/Nova.jpg,12+,5,3,7
24,Blaze,img/Blaze.jpg,7+,5,2,10
